structure,n,position,operation,avg_time_ns,movements,ops_performed,theoretical
DynamicArray,100,front,insert,4833528.0,600500,1000,O(n)
DynamicArray,100,front,remove,180761.6,4950,100,O(n)
LinkedList,100,front,insert,215700.6,1000,1000,O(1)
LinkedList,100,front,remove,116893.8,100,100,O(1)
DynamicArray,100,middle,insert,950849.6,550500,1000,O(n)
DynamicArray,100,middle,remove,421269.6,1225,100,O(n)
LinkedList,100,middle,insert,587687.0,50000,1000,O(n)
LinkedList,100,middle,remove,21528.6,3726,100,O(n)
DynamicArray,1000,front,insert,1609897.2,1500500,1000,O(n)
DynamicArray,1000,front,remove,1917703.2,499500,1000,O(n)
LinkedList,1000,front,insert,59446.8,1000,1000,O(1)
LinkedList,1000,front,remove,114055.8,1000,1000,O(1)
DynamicArray,1000,middle,insert,1818826.6,1000500,1000,O(n)
DynamicArray,1000,middle,remove,92295.8,124750,1000,O(n)
LinkedList,1000,middle,insert,2184691.2,500000,1000,O(n)
LinkedList,1000,middle,remove,1195206.0,374751,1000,O(n)
DynamicArray,10000,front,insert,9958126.6,10500500,1000,O(n)
DynamicArray,10000,front,remove,9736257.8,9499500,1000,O(n)
LinkedList,10000,front,insert,15163.4,1000,1000,O(1)
LinkedList,10000,front,remove,21345.4,1000,1000,O(1)
DynamicArray,10000,middle,insert,5916658.2,5500500,1000,O(n)
DynamicArray,10000,middle,remove,4713788.6,4499500,1000,O(n)
LinkedList,10000,middle,insert,17842107.4,5000000,1000,O(n)
LinkedList,10000,middle,remove,16378311.8,5000000,1000,O(n)
DynamicArray,100000,front,insert,69171811.4,100500500,1000,O(n)
DynamicArray,100000,front,remove,52308948.8,99499500,1000,O(n)
LinkedList,100000,front,insert,38470.6,1000,1000,O(1)
LinkedList,100000,front,remove,6705.8,1000,1000,O(1)
DynamicArray,100000,middle,insert,28811543.2,50500500,1000,O(n)
DynamicArray,100000,middle,remove,22006100.4,49499500,1000,O(n)
LinkedList,100000,middle,insert,135544079.8,50000000,1000,O(n)
LinkedList,100000,middle,remove,111751312.6,50000000,1000,O(n)
